{"cameraMode":{"drawMode":0,"name":"Shaded","section":"Shading Mode"},"sceneLighting":false,"audioPlay":false,"sceneViewState":{"showFog":true,"showMaterialUpdate":false,"showSkybox":false,"showFlares":true,"showImageEffects":true,"showParticleSystems":true},"in2DMode":false,"pivot":{"x":435.4934997558594,"y":443.7733154296875,"z":-78.95541381835938},"rotation":{"x":0.3552263379096985,"y":0.20071710646152497,"z":-0.07838128507137299,"w":0.9096157550811768},"size":466.69049072265627,"orthographic":false}