{"cameraMode":{"drawMode":0,"name":"Shaded","section":"Shading Mode"},"sceneLighting":false,"audioPlay":false,"sceneViewState":{"showFog":true,"showMaterialUpdate":false,"showSkybox":false,"showFlares":true,"showImageEffects":true,"showParticleSystems":true},"in2DMode":false,"pivot":{"x":-10.098555564880371,"y":-7.726362705230713,"z":4.838089466094971},"rotation":{"x":-0.0036534806713461878,"y":-0.9628039598464966,"z":0.26989760994911196,"w":-0.013020695187151432},"size":42.09757995605469,"orthographic":false}