{"cameraMode":{"drawMode":0,"name":"Shaded","section":"Shading Mode"},"sceneLighting":false,"audioPlay":false,"sceneViewState":{"showFog":true,"showMaterialUpdate":false,"showSkybox":false,"showFlares":true,"showImageEffects":true,"showParticleSystems":true},"in2DMode":false,"pivot":{"x":-1.6395089626312256,"y":0.10254025459289551,"z":1.9663138389587403},"rotation":{"x":0.0158573929220438,"y":0.9814449548721314,"z":-0.09333020448684693,"w":0.16675584018230439},"size":7.264147758483887,"orthographic":false}