{"cameraMode":{"drawMode":0,"name":"Shaded","section":"Shading Mode"},"sceneLighting":false,"audioPlay":false,"sceneViewState":{"showFog":true,"showMaterialUpdate":false,"showSkybox":false,"showFlares":true,"showImageEffects":true,"showParticleSystems":true},"in2DMode":false,"pivot":{"x":-23.93404769897461,"y":88.6042709350586,"z":75.41313171386719},"rotation":{"x":0.0528232678771019,"y":-0.9451781511306763,"z":0.2573274075984955,"w":0.19403579831123353},"size":18.137752532958986,"orthographic":false}