{"cameraMode":{"drawMode":0,"name":"Shaded","section":"Shading Mode"},"sceneLighting":false,"audioPlay":false,"sceneViewState":{"showFog":true,"showMaterialUpdate":false,"showSkybox":false,"showFlares":true,"showImageEffects":true,"showParticleSystems":true},"in2DMode":false,"pivot":{"x":-54.39033889770508,"y":88.96611785888672,"z":61.035667419433597},"rotation":{"x":0.11384597420692444,"y":0.885658323764801,"z":-0.33367758989334109,"w":0.3021741509437561},"size":7.609212398529053,"orthographic":false}