{"cameraMode":{"drawMode":0,"name":"Shaded","section":"Shading Mode"},"sceneLighting":false,"audioPlay":false,"sceneViewState":{"showFog":true,"showMaterialUpdate":false,"showSkybox":false,"showFlares":true,"showImageEffects":true,"showParticleSystems":true},"in2DMode":false,"pivot":{"x":-17.106555938720704,"y":104.95275115966797,"z":82.8255844116211},"rotation":{"x":-0.09451936930418015,"y":0.9053694605827332,"z":-0.28484034538269045,"w":-0.300414115190506},"size":8.45306396484375,"orthographic":false}