{"cameraMode":{"drawMode":0,"name":"Shaded","section":"Shading Mode"},"sceneLighting":false,"audioPlay":false,"sceneViewState":{"showFog":true,"showMaterialUpdate":false,"showSkybox":false,"showFlares":true,"showImageEffects":true,"showParticleSystems":true},"in2DMode":false,"pivot":{"x":-33.4279899597168,"y":87.6208267211914,"z":77.38348388671875},"rotation":{"x":0.07344281673431397,"y":-0.9224115014076233,"z":0.2187129110097885,"w":0.309753954410553},"size":9.530126571655274,"orthographic":false}