{"cameraMode":{"drawMode":0,"name":"Shaded","section":"Shading Mode"},"sceneLighting":false,"audioPlay":false,"sceneViewState":{"showFog":true,"showMaterialUpdate":false,"showSkybox":false,"showFlares":true,"showImageEffects":true,"showParticleSystems":true},"in2DMode":false,"pivot":{"x":-41.80794906616211,"y":86.91226959228516,"z":47.51359939575195},"rotation":{"x":-0.1630989909172058,"y":0.8184220790863037,"z":-0.2819860875606537,"w":-0.4733733832836151},"size":1.0602811574935914,"orthographic":false}