{"cameraMode":{"drawMode":0,"name":"Shaded","section":"Shading Mode"},"sceneLighting":false,"audioPlay":false,"sceneViewState":{"showFog":true,"showMaterialUpdate":false,"showSkybox":false,"showFlares":true,"showImageEffects":true,"showParticleSystems":true},"in2DMode":false,"pivot":{"x":9.1026611328125,"y":0.5987933874130249,"z":-13.686120986938477},"rotation":{"x":0.0158573929220438,"y":0.9814449548721314,"z":-0.09333020448684693,"w":0.16675584018230439},"size":7.941781044006348,"orthographic":false}