{"cameraMode":{"drawMode":0,"name":"Shaded","section":"Shading Mode"},"sceneLighting":false,"audioPlay":false,"sceneViewState":{"showFog":true,"showMaterialUpdate":false,"showSkybox":false,"showFlares":true,"showImageEffects":true,"showParticleSystems":true},"in2DMode":false,"pivot":{"x":-14.444568634033204,"y":95.26152801513672,"z":88.9915542602539},"rotation":{"x":0.011024936102330685,"y":-0.9375383257865906,"z":0.029832586646080018,"w":0.34645864367485049},"size":1.1372947692871094,"orthographic":false}