{"cameraMode":{"drawMode":0,"name":"Shaded","section":"Shading Mode"},"sceneLighting":false,"audioPlay":false,"sceneViewState":{"showFog":true,"showMaterialUpdate":false,"showSkybox":false,"showFlares":true,"showImageEffects":true,"showParticleSystems":true},"in2DMode":false,"pivot":{"x":-33.12831497192383,"y":87.48320007324219,"z":56.438323974609378},"rotation":{"x":0.07344281673431397,"y":-0.9224115014076233,"z":0.2187129110097885,"w":0.309753954410553},"size":7.941783428192139,"orthographic":false}