{"cameraMode":{"drawMode":0,"name":"Shaded","section":"Shading Mode"},"sceneLighting":false,"audioPlay":false,"sceneViewState":{"showFog":true,"showMaterialUpdate":false,"showSkybox":false,"showFlares":true,"showImageEffects":true,"showParticleSystems":true},"in2DMode":false,"pivot":{"x":0.0,"y":1.0900001525878907,"z":-1.0099999904632569},"rotation":{"x":-0.2453065663576126,"y":-0.47045737504959109,"z":0.13799555599689485,"w":-0.8363437652587891},"size":5.7157673835754398,"orthographic":false}