{"cameraMode":{"drawMode":0,"name":"Shaded","section":"Shading Mode"},"sceneLighting":false,"audioPlay":false,"sceneViewState":{"showFog":true,"showMaterialUpdate":false,"showSkybox":false,"showFlares":true,"showImageEffects":true,"showParticleSystems":true},"in2DMode":false,"pivot":{"x":-6.087322235107422,"y":1.0531038045883179,"z":6.397144794464111},"rotation":{"x":0.09500560164451599,"y":-0.9042623043060303,"z":0.31307750940322878,"w":0.2743850350379944},"size":2.663447618484497,"orthographic":false}