{"cameraMode":{"drawMode":0,"name":"Shaded","section":"Shading Mode"},"sceneLighting":false,"audioPlay":false,"sceneViewState":{"showFog":true,"showMaterialUpdate":false,"showSkybox":false,"showFlares":true,"showImageEffects":true,"showParticleSystems":true},"in2DMode":false,"pivot":{"x":-3.303675651550293,"y":5.658551216125488,"z":2.5587658882141115},"rotation":{"x":-0.2453065663576126,"y":-0.47045737504959109,"z":0.13799555599689485,"w":-0.8363437652587891},"size":1.4289418458938599,"orthographic":false}